<!DOCTYPE TVSCHEDULE [
  <!ELEMENT TVSCHEDULE (CHANNEL+)>
  <!ELEMENT CHANNEL (BANNER,DAY+)>
  <!ELEMENT BANNER (#PCDATA)>
  <!ELEMENT DAY (DATE,(HOLIDAY|PROGRAMSLOT+)+)>
  <!ELEMENT HOLIDAY (#PCDATA)>
  <!ELEMENT DATE (#PCDATA)>
  <!ELEMENT PROGRAMSLOT (TIME,TITLE,DESCRIPTION?)>
  <!ELEMENT TIME (#PCDATA)>
  <!ELEMENT TITLE (#PCDATA)>
  <!ELEMENT DESCRIPTION (#PCDATA)>
  <!ATTLIST TVSCHEDULE NAME CDATA #REQUIRED>
  <!ATTLIST CHANNEL CHAN CDATA #REQUIRED>
  <!ATTLIST PROGRAMSLOT VTR CDATA #IMPLIED>
  <!ATTLIST TITLE RATING CDATA #IMPLIED>
  <!ATTLIST TITLE LANGUAGE CDATA #IMPLIED>
]>

<TVSCHEDULE NAME="Programación">
  <CHANNEL CHAN="CNN">
    <BANNER>CNN</BANNER>
    <DAY>
      <DATE>07/02/2023</DATE>
      <PROGRAMSLOT>
        <TIME>21:00</TIME>
        <TITLE LANGUAGE="English">News Broadcast</TITLE>
      </PROGRAMSLOT>
      <PROGRAMSLOT VTR="yes">
        <TIME>23:55</TIME>
        <TITLE RATING="R">Hell House LLC</TITLE>
        <DESCRIPTION>Found Footage Horror Movie</DESCRIPTION>
      </PROGRAMSLOT>
    </DAY>
  </CHANNEL>
  <CHANNEL CHAN="BBC">
    <BANNER>BBC</BANNER>
    <DAY>
      <DATE>07/02/2023</DATE>
      <HOLIDAY>Rose Day</HOLIDAY>
    </DAY>
  </CHANNEL>
</TVSCHEDULE>
